{"cameraMode":{"drawMode":0,"name":"Shaded","section":"Shading Mode"},"sceneLighting":true,"audioPlay":false,"sceneViewState":{"showFog":true,"showMaterialUpdate":true,"showSkybox":true,"showFlares":true,"showImageEffects":true,"showParticleSystems":true},"in2DMode":false,"pivot":{"x":-78.15789794921875,"y":21.583221435546876,"z":153.10003662109376},"rotation":{"x":-0.6850786805152893,"y":-0.01049050036817789,"z":0.00986785814166069,"w":-0.7283267974853516},"size":1283.582763671875,"orthographic":false}